3073522|Bret Hooper|18|cation1889@yandex.com|Female|Arabic|Swiss|Weighbridge Clerk|840.484.0168|camel1984|2022-02-22 19:02:19|mimesis.Person|1991-01-01 00:00:01|2|664|Scheme|PL-I|Apache License, 2.0 (Apache-2.0)|FreeBSD|17|2022-02-22 19:02:19|mimesis.Development|3400
3145909|Demarcus Bolton|22|arcanist2065@gmail.com|Male|Dutch|Swiss|Windscreen Fitter|1-648-303-4348|Fastuousness_2064|2022-02-22 19:02:19|mimesis.Person|1991-01-01 00:00:01|2|79|Rust|PowerShell|Apache License, 2.0 (Apache-2.0)|openSUSE|6|2022-02-22 19:02:19|mimesis.Development|3800
3153745|Elroy Roberson|52|croak2058@protonmail.com|Male|Haitian Creole|Jordanian|HGV Mechanic|106.282.7292|Jounces-1800|2022-02-22 19:02:19|mimesis.Person|1991-01-01 00:00:01|4|662|C|ECMAScript|Apache License, 2.0 (Apache-2.0)|OS X|22|2022-02-22 19:02:19|mimesis.Development|3600
3153838|Edison Padilla|48|marcello2027@protonmail.com|Fluid|Burmese|Latvian|Furniture Remover|(462) 168-8119|ockster-1850|2022-02-22 19:02:19|mimesis.Person|1991-01-01 00:00:01|2|71|PL-SQL|Transact-SQL|Apache License, 2.0 (Apache-2.0)|CentOS|20|2022-02-22 19:02:19|mimesis.Development|1700
3063108|Serafina Mays|39|cilice1878@live.com|Fluid|Albanian|Egyptian|Hawker|1-619-908-4554|Motivator-1824|2022-02-22 19:02:19|mimesis.Person|1991-01-01 00:00:01|3|583|JavaScript|Fortran|Apache License, 2.0 (Apache-2.0)|CentOS|19|2022-02-22 19:02:19|mimesis.Development|900
2991226|Bev Zimmerman|41|washy1874@yandex.com|Male|Nepali|Costa Rican|Theatrical Agent|1-073-389-6753|chital.1933|2022-02-22 19:02:19|mimesis.Person|1991-01-01 00:00:01|2|144|Haskell|Transact-SQL|Apache License, 2.0 (Apache-2.0)|openSUSE|18|2022-02-22 19:02:19|mimesis.Development|3100
3035324|Neil Mcgowan|19|indris2033@gmail.com|Fluid|Korean|Swiss|Botanist|251-449-7199|croteau.1841|2022-02-22 19:02:19|mimesis.Person|1991-01-01 00:00:01|2|836|Tex|ECMAScript|Apache License, 2.0 (Apache-2.0)|openSUSE|11|2022-02-22 19:02:19|mimesis.Development|4900
3285649|Kenny Rosario|58|brewages1917@yandex.com|Fluid|Russian|Portuguese|Preacher|729-453-1097|EzekielDuress.2059|2022-02-22 19:02:19|mimesis.Person|1991-01-01 00:00:01|2|274|Smalltalk|Haskell|Apache License, 2.0 (Apache-2.0)|Manjaro|30|2022-02-22 19:02:19|mimesis.Development|4200
3287211|Scarlet Roth|38|wingding1849@yahoo.com|Male|Lao|Jordanian|Panel Beater|978.401.2363|aquatinta-1858|2022-02-22 19:02:19|mimesis.Person|1991-01-01 00:00:01|1|468|ASP|D|Apache License, 2.0 (Apache-2.0)|Windows 8|25|2022-02-22 19:02:19|mimesis.Development|1700
3334785|Senaida Shaffer|64|bijou1996@yandex.com|Male|Zulu|Puerto Rican|Bus Mechanic|+1-(566)-538-4238|banaba.2037|2022-02-22 19:02:19|mimesis.Person|1991-01-01 00:00:01|3|650|Erlang|Caml|Apache License, 2.0 (Apache-2.0)|openSUSE|19|2022-02-22 19:02:19|mimesis.Development|400
3344991|Verlene Atkins|32|audette1888@yandex.com|Female|Japanese|British|Quality Inspector|949.643.1299|capomo2026|2022-02-22 19:02:19|mimesis.Person|1991-01-01 00:00:01|2|426|GNU Octave|PL-SQL|Apache License, 2.0 (Apache-2.0)|elementaryOS|20|2022-02-22 19:02:19|mimesis.Development|1100
3350008|Andrea Mack|40|fenbank2056@yahoo.com|Fluid|Finnish|Brazilian|Glass Worker|1-682-616-9399|EmmalineOwl.1915|2022-02-22 19:02:19|mimesis.Person|1991-01-01 00:00:01|4|206|C|Tex|Apache License, 2.0 (Apache-2.0)|FreeBSD|27|2022-02-22 19:02:19|mimesis.Development|3600
3193184|Takako Moran|49|connexions1992@live.com|Female|Amharic|Mexican|Postman|1-195-527-3854|Bemole_1953|2022-02-22 19:02:19|mimesis.Person|1991-01-01 00:00:01|2|14|Lua|Ceylon|Apache License, 2.0 (Apache-2.0)|Lubuntu|19|2022-02-22 19:02:19|mimesis.Development|700
2968605|Phil Greer|59|anime1975@live.com|Other|Kurdish|French|Mechanic|882-190-2839|Semihistorical-1961|2022-02-22 19:02:19|mimesis.Person|1991-01-01 00:00:01|1|349|Objective-C|PL-SQL|Apache License, 2.0 (Apache-2.0)|Debian|6|2022-02-22 19:02:19|mimesis.Development|2600
3221855|Mike Klein|48|yatigan2051@live.com|Female|Indonesian|German|Labourer|612-847-3809|Elasmosaur-1922|2022-02-22 19:02:19|mimesis.Person|1991-01-01 00:00:01|2|908|Kotlin|ECMAScript|Apache License, 2.0 (Apache-2.0)|Mint|27|2022-02-22 19:02:19|mimesis.Development|5000
3233306|Rebbecca Harrington|55|shadchan1974@live.com|Fluid|Tetum|Salvadorian|Produce Supervisor|(638) 719-5246|Soundless.1978|2022-02-22 19:02:19|mimesis.Person|1991-01-01 00:00:01|2|522|haXe|Io|Apache License, 2.0 (Apache-2.0)|Slackware|5|2022-02-22 19:02:19|mimesis.Development|400
3247166|Ardath Faulkner|38|repentingly1922@outlook.com|Fluid|Gagauz|Israeli|Caulker|+1-(157)-359-6557|AquatintaAxolotl_1808|2022-02-22 19:02:19|mimesis.Person|1991-01-01 00:00:01|2|228|Awk|Python|Apache License, 2.0 (Apache-2.0)|Mint|22|2022-02-22 19:02:19|mimesis.Development|600
2713769|Julius Ingram|39|propositi1940@protonmail.com|Female|Kurdish|Greek|Cartoonist|+1-(697)-780-2225|Cherlyn-1851|2022-02-22 19:02:19|mimesis.Person|1991-01-01 00:00:01|2|423|C#|Io|Apache License, 2.0 (Apache-2.0)|Manjaro|8|2022-02-22 19:02:19|mimesis.Development|1000
2718329|Lecia Hebert|29|mouse1878@protonmail.com|Male|Yiddish|Spanish|Investment Strategist|(207) 257-9131|RauwolfiaButting-2045|2022-02-22 19:02:19|mimesis.Person|1991-01-01 00:00:01|4|483|Elixir|Ruby|Apache License, 2.0 (Apache-2.0)|Windows 8|15|2022-02-22 19:02:19|mimesis.Development|300
2735732|Benito Flowers|29|kabiki2020@yahoo.com|Other|Fijian|Cameroonian|English Teacher|1-532-685-6879|prolegomenon_1981|2022-02-22 19:02:19|mimesis.Person|1991-01-01 00:00:01|2|128|Python|PowerShell|Apache License, 2.0 (Apache-2.0)|openSUSE|18|2022-02-22 19:02:19|mimesis.Development|4900
2603255|Margurite Noble|20|coldish1975@yandex.com|Other|Khmer|Russian|Production Planner|451-139-5844|Asperates_1873|2022-02-22 19:02:19|mimesis.Person|1991-01-01 00:00:01|3|326|C++|PHP|Apache License, 2.0 (Apache-2.0)|PCLinuxOS|11|2022-02-22 19:02:19|mimesis.Development|4500
2616084|Golden Baker|33|bakers2025@gmail.com|Fluid|Aymara|Afghan|Gamekeeper|(526) 871-3042|forzando.2038|2022-02-22 19:02:19|mimesis.Person|1991-01-01 00:00:01|2|652|Objective-C|Smalltalk|Apache License, 2.0 (Apache-2.0)|Kali|3|2022-02-22 19:02:19|mimesis.Development|2500
2624521|Gavin Ballard|56|unsmokeable1955@outlook.com|Male|Sotho|Italian|Quality Inspector|(658) 138-4410|OutbargainsMadames.1983|2022-02-22 19:02:19|mimesis.Person|1991-01-01 00:00:01|4|233|C++|Scala|Apache License, 2.0 (Apache-2.0)|Mint|13|2022-02-22 19:02:19|mimesis.Development|700
2632860|Colene Austin|60|evacuator1803@yandex.com|Other|Kurdish|French|Track Worker|386.895.1664|TrinityGaur_1824|2022-02-22 19:02:19|mimesis.Person|1991-01-01 00:00:01|3|808|C Shell|PHP|Apache License, 2.0 (Apache-2.0)|Manjaro|12|2022-02-22 19:02:19|mimesis.Development|3100
2634167|Rodrick Davenport|56|spaciously1967@gmail.com|Fluid|Dzongkha|Israeli|Marketing Director|(606) 955-4297|microphytology-2040|2022-02-22 19:02:19|mimesis.Person|1991-01-01 00:00:01|3|97|Ceylon|J#|Apache License, 2.0 (Apache-2.0)|macOS|15|2022-02-22 19:02:19|mimesis.Development|2000
2650336|Israel Cline|39|cercle1863@yahoo.com|Female|Hungarian|Ethiopian|Promoter|(729) 601-3548|bastion_1927|2022-02-22 19:02:19|mimesis.Person|1991-01-01 00:00:01|2|584|Transact-SQL|Julia|Apache License, 2.0 (Apache-2.0)|elementaryOS|20|2022-02-22 19:02:19|mimesis.Development|2100
2881345|Lacy Prince|61|derelict1923@yahoo.com|Fluid|Dutch|Danish|Partition Erector|1-300-737-6948|CorriganHavens.1929|2022-02-22 19:02:19|mimesis.Person|1991-01-01 00:00:01|4|472|Haskell|Ruby|Apache License, 2.0 (Apache-2.0)|Slackware|24|2022-02-22 19:02:19|mimesis.Development|4400
2890592|Carrol Battle|26|butta2067@gmail.com|Fluid|Oriya|Italian|Maintenance Fitter|1-178-136-0340|african2066|2022-02-22 19:02:19|mimesis.Person|1991-01-01 00:00:01|3|672|Objective-C|Ceylon|Apache License, 2.0 (Apache-2.0)|Ubuntu|11|2022-02-22 19:02:19|mimesis.Development|3900
2748867|Thersa Bush|64|boarding1926@live.com|Other|Tswana|Cambodian|Insurance Consultant|840.417.7713|daymare_1893|2022-02-22 19:02:19|mimesis.Person|1991-01-01 00:00:01|2|621|Lua|Java|Apache License, 2.0 (Apache-2.0)|Manjaro|11|2022-02-22 19:02:19|mimesis.Development|2800
7262396|Aleshia Garcia|32|deprive1982@gmail.com|Female|Nepali|Russian|Technical Advisor|485.651.9539|Kittenship.1871|2022-02-22 19:02:19|mimesis.Person|1991-01-01 00:00:01|2|130|AutoIt|Dylan|Apache License, 2.0 (Apache-2.0)|Slackware|19|2022-02-22 19:02:19|mimesis.Development|1700
6643203|Anthony Dickerson|63|angelika1832@outlook.com|Female|Tswana|Russian|Beautician|1-101-317-9721|fantasize.1995|2022-02-22 19:02:19|mimesis.Person|1991-01-01 00:00:01|3|887|PL-I|Tex|Apache License, 2.0 (Apache-2.0)|Ubuntu|8|2022-02-22 19:02:19|mimesis.Development|900
6891787|Omer Powell|45|angioleucitis1913@protonmail.com|Female|Persian|Cameroonian|Investment Banker|558.196.3565|Cashbox_2034|2022-02-22 19:02:19|mimesis.Person|1991-01-01 00:00:01|3|302|Delphi|haXe|Apache License, 2.0 (Apache-2.0)|PCLinuxOS|22|2022-02-22 19:02:19|mimesis.Development|1900
6925541|Kizzy Aguilar|30|antimachine1891@outlook.com|Female|Georgian|Portuguese|Bursar|1-670-970-0863|Bagging.1811|2022-02-22 19:02:19|mimesis.Person|1991-01-01 00:00:01|1|218|Bash|ASP|Apache License, 2.0 (Apache-2.0)|PCLinuxOS|1|2022-02-22 19:02:19|mimesis.Development|1900
6973881|Lino Sweeney|20|accable1855@gmail.com|Male|Oriya|Guatemalan|Presser|1-955-286-2538|AcromegaliesBactrian-1995|2022-02-22 19:02:19|mimesis.Person|1991-01-01 00:00:01|4|150|Racket|Common Lisp|Apache License, 2.0 (Apache-2.0)|Windows 7|26|2022-02-22 19:02:19|mimesis.Development|3900
8197442|Royal Kinney|16|believer1963@yahoo.com|Female|Yiddish|Ethiopian|Bus Mechanic|+1-(938)-411-9892|celsius1822|2022-02-22 19:02:19|mimesis.Person|1991-01-01 00:00:01|1|929|Go|Delphi|Apache License, 2.0 (Apache-2.0)|Windows 8|26|2022-02-22 19:02:19|mimesis.Development|400
9762622|Gabriel Dennis|48|flabbiest2048@outlook.com|Male|Norwegian|Ecuadorian|Song Writer|+1-(331)-290-8938|engluts_1840|2022-02-22 19:02:19|mimesis.Person|1991-01-01 00:00:01|3|440|Caml|Lisp|Apache License, 2.0 (Apache-2.0)|Lubuntu|17|2022-02-22 19:02:19|mimesis.Development|3200
9880327|Long Peterson|46|overclamor1985@yandex.com|Fluid|Belarusian|British|Taxi Driver|1-526-584-8678|piscators-1820|2022-02-22 19:02:19|mimesis.Person|1991-01-01 00:00:01|3|480|J#|D|Apache License, 2.0 (Apache-2.0)|Debian|2|2022-02-22 19:02:19|mimesis.Development|3800
8920782|Wen Jacobson|56|basker2012@protonmail.com|Female|Sotho|Chilean|Hod Carrier|014-763-5958|sauerbraten.2054|2022-02-22 19:02:19|mimesis.Person|1991-01-01 00:00:01|4|413|C++|Dart|Apache License, 2.0 (Apache-2.0)|Manjaro|30|2022-02-22 19:02:19|mimesis.Development|2700
8257963|Andera Barker|47|anchors1899@yandex.com|Other|Hebrew|Cambodian|Video Artist|+1-(724)-078-9104|bluestocking1921|2022-02-22 19:02:19|mimesis.Person|1991-01-01 00:00:01|2|460|Dart|Io|Apache License, 2.0 (Apache-2.0)|macOS|3|2022-02-22 19:02:19|mimesis.Development|1000
8281738|Deangelo Robinson|55|preacquisition2045@outlook.com|Female|Kyrgyz|German|Foam Convertor|(529) 311-6133|cornhusks_1968|2022-02-22 19:02:19|mimesis.Person|1991-01-01 00:00:01|1|626|Dylan|Lua|Apache License, 2.0 (Apache-2.0)|Arch|16|2022-02-22 19:02:19|mimesis.Development|4000
8281872|Jackson Simmons|37|alcalde1965@live.com|Fluid|Armenian|Egyptian|Tachograph Analyst|(922) 240-9365|DescendedPreprudently-1883|2022-02-22 19:02:19|mimesis.Person|1991-01-01 00:00:01|4|570|AutoIt|Dylan|Apache License, 2.0 (Apache-2.0)|Manjaro|20|2022-02-22 19:02:19|mimesis.Development|4000
8298092|Nickolas Kemp|62|bleeker2028@gmail.com|Male|Yiddish|Afghan|Magician|+1-(403)-663-6739|Wichtisite.2021|2022-02-22 19:02:19|mimesis.Person|1991-01-01 00:00:01|3|401|Scheme|TypeScript|Apache License, 2.0 (Apache-2.0)|Zorin|22|2022-02-22 19:02:19|mimesis.Development|4600
8307957|Cassondra Santos|54|cantoral1892@protonmail.com|Other|Czech|Argentinian|Rally Driver|+1-(370)-164-3477|compulsed1927|2022-02-22 19:02:19|mimesis.Person|1991-01-01 00:00:01|3|253|C Shell|C|Apache License, 2.0 (Apache-2.0)|Ubuntu|26|2022-02-22 19:02:19|mimesis.Development|3600
8438590|Hermina Frost|63|dusun1898@protonmail.com|Female|Northern Sotho|Uruguayan|Sales Representative|739.655.6661|migraine.1807|2022-02-22 19:02:19|mimesis.Person|1991-01-01 00:00:01|2|467|Caml|Dart|Apache License, 2.0 (Apache-2.0)|Mint|22|2022-02-22 19:02:19|mimesis.Development|4100
8517279|Ema Allen|21|dusky1888@gmail.com|Female|Swahili|Jordanian|Bursar|428-831-2777|Chitarrone.1910|2022-02-22 19:02:19|mimesis.Person|1991-01-01 00:00:01|3|768|Erlang|Go|Apache License, 2.0 (Apache-2.0)|Fedora|15|2022-02-22 19:02:19|mimesis.Development|300
3717408|Jenette Russo|64|chorai2046@gmail.com|Fluid|Kashmiri|Portuguese|Auction Worker|(830) 793-8353|BaggyCamber-1909|2022-02-22 19:02:19|mimesis.Person|1991-01-01 00:00:01|4|872|ECMAScript|Ruby|Apache License, 2.0 (Apache-2.0)|OS X|3|2022-02-22 19:02:19|mimesis.Development|3800
4157892|Willena Underwood|58|tamias1831@gmail.com|Male|Gujarati|Dominican|Studio Manager|(804) 390-5755|SketchNavaids.2018|2022-02-22 19:02:19|mimesis.Person|1991-01-01 00:00:01|4|191|Julia|Mathematica|Apache License, 2.0 (Apache-2.0)|FreeBSD|10|2022-02-22 19:02:19|mimesis.Development|1900
3382990|Darin Goff|35|havanese1850@yandex.com|Fluid|Bengali|Spanish|Purchase Clerk|1-279-674-6734|Pellitories.1998|2022-02-22 19:02:19|mimesis.Person|1991-01-01 00:00:01|4|684|Mathematica|Falcon|Apache License, 2.0 (Apache-2.0)|Manjaro|5|2022-02-22 19:02:19|mimesis.Development|4400
3395264|Kendal Campos|24|celsitude1989@outlook.com|Other|Polish|Iranian|Parts Man|(937) 377-1262|singly.1817|2022-02-22 19:02:19|mimesis.Person|1991-01-01 00:00:01|4|647|C Shell|Java|Apache License, 2.0 (Apache-2.0)|FreeBSD|19|2022-02-22 19:02:19|mimesis.Development|1900
3398398|Janiece Brock|45|aiding1879@outlook.com|Male|Gagauz|Estonian|Metal Dealer|1-064-878-1217|CranicDebenture.1926|2022-02-22 19:02:19|mimesis.Person|1991-01-01 00:00:01|4|170|C++|Dylan|Apache License, 2.0 (Apache-2.0)|Mint|21|2022-02-22 19:02:19|mimesis.Development|600
3582491|Sari Garrett|61|chegre2032@yandex.com|Female|Korean|English|Masseur|1-390-347-8613|marijuanas2019|2022-02-22 19:02:19|mimesis.Person|1991-01-01 00:00:01|1|905|PL-I|F#|Apache License, 2.0 (Apache-2.0)|Zorin|3|2022-02-22 19:02:19|mimesis.Development|500
3605521|Donnell Mclaughlin|28|ordanchite1918@outlook.com|Male|Bengali|Cameroonian|Marketing Assistant|599-391-6136|decaf2044|2022-02-22 19:02:19|mimesis.Person|1991-01-01 00:00:01|1|601|Z shell|Ceylon|Apache License, 2.0 (Apache-2.0)|OS X|14|2022-02-22 19:02:19|mimesis.Development|3500
5736679|Vanesa Marks|51|brockie1835@gmail.com|Other|Hiri Motu|Costa Rican|Materials Manager|667-536-0418|sippingly2033|2022-02-22 19:02:19|mimesis.Person|1991-01-01 00:00:01|3|539|Scheme|PHP|Apache License, 2.0 (Apache-2.0)|macOS|5|2022-02-22 19:02:19|mimesis.Development|600
5950556|Andreas Butler|17|deckie1802@yandex.com|Male|Filipino|Uruguayan|Bookmaker|1-967-662-4856|trophospongium_1839|2022-02-22 19:02:19|mimesis.Person|1991-01-01 00:00:01|3|13|Elixir|Perl|Apache License, 2.0 (Apache-2.0)|Windows 8.1|12|2022-02-22 19:02:19|mimesis.Development|2000
5287258|Gordon Donovan|61|unnomadically1872@live.com|Female|Norwegian|Greek|Councillor|+1-(065)-164-0165|BotherationDevotes.2043|2022-02-22 19:02:19|mimesis.Person|1991-01-01 00:00:01|3|112|Tex|D|Apache License, 2.0 (Apache-2.0)|macOS|22|2022-02-22 19:02:19|mimesis.Development|500
5348026|Doreatha Jacobson|59|criticism1981@outlook.com|Other|English|Puerto Rican|Warden|+1-(671)-558-7447|Tiger.1936|2022-02-22 19:02:19|mimesis.Person|1991-01-01 00:00:01|1|77|Objective-C|OCaml|Apache License, 2.0 (Apache-2.0)|FreeBSD|30|2022-02-22 19:02:19|mimesis.Development|4100
4996769|Tora Nunez|22|salutatious2026@protonmail.com|Male|Persian|Afghan|Pools Collector|(580) 108-1591|completing.1902|2022-02-22 19:02:19|mimesis.Person|1991-01-01 00:00:01|2|542|Smalltalk|Julia|Apache License, 2.0 (Apache-2.0)|Ubuntu|9|2022-02-22 19:02:19|mimesis.Development|2200
1539969|Tempie Terry|47|cingulate2056@gmail.com|Other|Armenian|Canadian|Materials Manager|1-160-438-7093|catbird_1899|2022-02-22 19:02:19|mimesis.Person|1991-01-01 00:00:01|1|710|Lisp|Io|Apache License, 2.0 (Apache-2.0)|Ubuntu|15|2022-02-22 19:02:19|mimesis.Development|4900
1543172|Porsche Hammond|47|phytosauria1843@protonmail.com|Male|Mongolian|English|Plant Fitter|480-501-3170|Nesty.1837|2022-02-22 19:02:19|mimesis.Person|1991-01-01 00:00:01|4|229|Transact-SQL|Awk|Apache License, 2.0 (Apache-2.0)|macOS|25|2022-02-22 19:02:19|mimesis.Development|1500
1745472|Aubrey Foster|16|carnivore2029@yahoo.com|Female|Tswana|Saudi|Opera Singer|(237) 150-3075|SplendiferousScenarizing_2002|2022-02-22 19:02:19|mimesis.Person|1991-01-01 00:00:01|1|449|Io|Awk|Apache License, 2.0 (Apache-2.0)|Kali|5|2022-02-22 19:02:19|mimesis.Development|4500
1767060|Yevette Gray|18|restatement1807@yandex.com|Female|Croatian|Iranian|Street Entertainer|(510) 208-9735|Trachea_1833|2022-02-22 19:02:19|mimesis.Person|1991-01-01 00:00:01|2|581|F#|Common Lisp|Apache License, 2.0 (Apache-2.0)|macOS|1|2022-02-22 19:02:19|mimesis.Development|500
1787819|Nohemi Meadows|34|avenue1810@yahoo.com|Other|Dhivehi|Guatemalan|Technical Director|(972) 999-8277|Assimilate.1807|2022-02-22 19:02:19|mimesis.Person|1991-01-01 00:00:01|2|176|C++|Groovy|Apache License, 2.0 (Apache-2.0)|Arch|12|2022-02-22 19:02:19|mimesis.Development|3300
1789116|Kirby Goodwin|44|surreal1851@yandex.com|Female|Dhivehi|Estonian|Publicity Manager|1-329-746-4282|Manatee_1959|2022-02-22 19:02:19|mimesis.Person|1991-01-01 00:00:01|4|634|Prolog|Ruby|Apache License, 2.0 (Apache-2.0)|Mint|23|2022-02-22 19:02:19|mimesis.Development|3700
1662131|Marchelle Mcbride|23|undergabble1968@outlook.com|Fluid|Armenian|Dominican|Rector|(383) 290-8921|assentatory1969|2022-02-22 19:02:19|mimesis.Person|1991-01-01 00:00:01|2|732|Dart|haXe|Apache License, 2.0 (Apache-2.0)|Fedora|23|2022-02-22 19:02:19|mimesis.Development|1200
1667791|Cordell Cortez|61|photogenous1905@gmail.com|Female|Portuguese|Cameroonian|Gynaecologist|1-015-635-7793|Lacrosse.1831|2022-02-22 19:02:19|mimesis.Person|1991-01-01 00:00:01|4|197|PL-I|Awk|Apache License, 2.0 (Apache-2.0)|Lubuntu|26|2022-02-22 19:02:19|mimesis.Development|1000
1717902|Audria Franklin|58|azoturias1864@gmail.com|Fluid|Punjabi|Salvadorian|Map Mounter|(076) 080-9208|LonghairBedlamic_1902|2022-02-22 19:02:19|mimesis.Person|1991-01-01 00:00:01|3|762|Lua|Delphi|Apache License, 2.0 (Apache-2.0)|Manjaro|6|2022-02-22 19:02:19|mimesis.Development|4500
1824595|Nia Arnold|18|celadon1916@yandex.com|Female|Malay|Finnish|Groundsman|1-357-384-0509|Squirting2023|2022-02-22 19:02:19|mimesis.Person|1991-01-01 00:00:01|2|824|Go|Emacs Lisp|Apache License, 2.0 (Apache-2.0)|OS X|25|2022-02-22 19:02:19|mimesis.Development|4100
1160090|Donn Hensley|51|exciton2030@yandex.com|Female|Indonesian|Cambodian|Saddler|774-003-5217|boards_1875|2022-02-22 19:02:19|mimesis.Person|1991-01-01 00:00:01|4|374|Transact-SQL|Rust|Apache License, 2.0 (Apache-2.0)|Kali|2|2022-02-22 19:02:19|mimesis.Development|3400
1178222|Rueben Stevenson|32|harmonious1905@yahoo.com|Other|Somali|English|Recorder|(840) 208-3655|trigonous.1890|2022-02-22 19:02:19|mimesis.Person|1991-01-01 00:00:01|1|956|Lisp|Dylan|Apache License, 2.0 (Apache-2.0)|Arch|27|2022-02-22 19:02:19|mimesis.Development|2000
1192177|Porfirio Guerrero|16|civility2045@live.com|Fluid|Macedonian|Guatemalan|Genealogist|1-837-367-5349|sines_1921|2022-02-22 19:02:19|mimesis.Person|1991-01-01 00:00:01|4|151|Scheme|Python|Apache License, 2.0 (Apache-2.0)|OpenBSD|11|2022-02-22 19:02:19|mimesis.Development|1300
1021476|Maris Carter|19|arias1905@gmail.com|Female|Icelandic|Belgian|Park Attendant|068-230-5668|arlyn_2004|2022-02-22 19:02:19|mimesis.Person|1991-01-01 00:00:01|1|812|Smalltalk|ASP|Apache License, 2.0 (Apache-2.0)|Zorin|18|2022-02-22 19:02:19|mimesis.Development|1400
1028069|Margurite Bright|39|boother1847@live.com|Female|German|Brazilian|Wood Cutter|179-428-1133|Malpractice_1873|2022-02-22 19:02:19|mimesis.Person|1991-01-01 00:00:01|3|74|Kotlin|Lua|Apache License, 2.0 (Apache-2.0)|Debian|22|2022-02-22 19:02:19|mimesis.Development|2000
1037978|Teddy Jimenez|63|unobstructedness1861@live.com|Other|Korean|Canadian|Injection Moulder|+1-(638)-959-2166|Agnoite-1932|2022-02-22 19:02:19|mimesis.Person|1991-01-01 00:00:01|4|85|Dylan|Racket|Apache License, 2.0 (Apache-2.0)|Mint|18|2022-02-22 19:02:19|mimesis.Development|3000
1048212|Dawne Chavez|41|acute1868@gmail.com|Female|Marathi|Spanish|Library Manager|1-958-904-1921|jinkle2024|2022-02-22 19:02:19|mimesis.Person|1991-01-01 00:00:01|3|235|Z shell|OCaml|Apache License, 2.0 (Apache-2.0)|FreeBSD|16|2022-02-22 19:02:19|mimesis.Development|600
1064046|Janean Guerra|60|ectozoans1924@yahoo.com|Male|Thai|Spanish|Chimney Sweep|1-478-953-1535|boarding-1936|2022-02-22 19:02:19|mimesis.Person|1991-01-01 00:00:01|4|252|Python|C Shell|Apache License, 2.0 (Apache-2.0)|elementaryOS|16|2022-02-22 19:02:19|mimesis.Development|800
1399966|Eddy Irwin|36|plantula1888@yandex.com|Fluid|English|Dutch|Hot Foil Printer|1-769-089-9224|Cercocebus.1929|2022-02-22 19:02:19|mimesis.Person|1991-01-01 00:00:01|3|264|Lua|Prolog|Apache License, 2.0 (Apache-2.0)|Slackware|9|2022-02-22 19:02:19|mimesis.Development|3100
1426505|Clinton Noel|31|unzips2050@yandex.com|Male|Norwegian|Dominican|Inspector|+1-(580)-324-8255|LandingsDegenerative_1982|2022-02-22 19:02:19|mimesis.Person|1991-01-01 00:00:01|1|434|Scheme|Java|Apache License, 2.0 (Apache-2.0)|OpenBSD|23|2022-02-22 19:02:19|mimesis.Development|3800
1258118|Zonia Velazquez|32|blackest1902@outlook.com|Fluid|Armenian|Salvadorian|Book Seller|1-246-942-3081|VaultierBench_2035|2022-02-22 19:02:19|mimesis.Person|1991-01-01 00:00:01|4|46|Objective-C|Elixir|Apache License, 2.0 (Apache-2.0)|Slackware|16|2022-02-22 19:02:19|mimesis.Development|800
1317465|Tandra Reyes|32|caved2000@live.com|Female|Dhivehi|Canadian|Butcher|066.589.8096|ShadItaly-1875|2022-02-22 19:02:19|mimesis.Person|1991-01-01 00:00:01|2|680|C|PL-SQL|Apache License, 2.0 (Apache-2.0)|Gentoo|24|2022-02-22 19:02:19|mimesis.Development|4900
1331610|Vena York|55|integrate1933@yahoo.com|Male|Northern Sotho|Cuban|Progress Clerk|(955) 119-6300|CostsPlovers-1857|2022-02-22 19:02:19|mimesis.Person|1991-01-01 00:00:01|4|568|F#|haXe|Apache License, 2.0 (Apache-2.0)|Mint|14|2022-02-22 19:02:19|mimesis.Development|3600
1825736|Elisabeth Petersen|30|chihuahua1826@yandex.com|Fluid|Catalan|Swedish|Travel Guide|(496) 897-9356|Devow-1839|2022-02-22 19:02:19|mimesis.Person|1991-01-01 00:00:01|4|199|haXe|CoffeeScript|Apache License, 2.0 (Apache-2.0)|Mint|26|2022-02-22 19:02:19|mimesis.Development|4600
2306464|Mui Rich|52|bouche1936@live.com|Fluid|Khmer|Italian|Chiropodist|(551) 028-5886|Spoonyism1948|2022-02-22 19:02:19|mimesis.Person|1991-01-01 00:00:01|3|518|CoffeeScript|PL-SQL|Apache License, 2.0 (Apache-2.0)|Kali|11|2022-02-22 19:02:19|mimesis.Development|2900
2312471|Jacquiline Rios|30|bask1991@yandex.com|Male|Catalan|Guatemalan|Pharmacist|659.124.2587|EeeeeeBellmaker_1832|2022-02-22 19:02:19|mimesis.Person|1991-01-01 00:00:01|3|351|Prolog|AutoIt|Apache License, 2.0 (Apache-2.0)|Gentoo|17|2022-02-22 19:02:19|mimesis.Development|3600
2180091|Emeline Shields|35|alexas1817@outlook.com|Male|Bislama|Chilean|Premises Security|184.256.3919|dweller_1963|2022-02-22 19:02:19|mimesis.Person|1991-01-01 00:00:01|2|765|PL-SQL|PL-I|Apache License, 2.0 (Apache-2.0)|Debian|23|2022-02-22 19:02:19|mimesis.Development|1800
2212552|Bart Valenzuela|51|ajar1893@gmail.com|Fluid|Thai|Uruguayan|Nursing Auxiliary|460.540.9466|pretranscription.1858|2022-02-22 19:02:19|mimesis.Person|1991-01-01 00:00:01|3|2|TypeScript|Assembly|Apache License, 2.0 (Apache-2.0)|FreeBSD|24|2022-02-22 19:02:19|mimesis.Development|700
2227901|Daisey Gallegos|26|dotted1911@yahoo.com|Fluid|Guaraní|Dominican|Turf Accountant|1-735-622-5540|uncolourable_1977|2022-02-22 19:02:19|mimesis.Person|1991-01-01 00:00:01|2|873|Fortran|Z shell|Apache License, 2.0 (Apache-2.0)|macOS|18|2022-02-22 19:02:19|mimesis.Development|700
2487888|Maximo Jacobson|30|forger1922@protonmail.com|Female|Haitian Creole|Mexican|Shooting Instructor|995.863.3682|Echidna.1855|2022-02-22 19:02:19|mimesis.Person|1991-01-01 00:00:01|2|741|Smalltalk|Falcon|Apache License, 2.0 (Apache-2.0)|Arch|28|2022-02-22 19:02:19|mimesis.Development|1700
2492560|Jeffery Davidson|63|bobbye1883@yahoo.com|Other|German|Dominican|Bakery Assistant|1-306-908-1111|Edwin.2057|2022-02-22 19:02:19|mimesis.Person|1991-01-01 00:00:01|4|843|Go|OCaml|Apache License, 2.0 (Apache-2.0)|Fedora|10|2022-02-22 19:02:19|mimesis.Development|3700
2515204|Shemeka Coffey|54|idiots2040@outlook.com|Male|Amharic|Latvian|Tour Agent|(067) 626-6189|Unperfidiousness.2004|2022-02-22 19:02:19|mimesis.Person|1991-01-01 00:00:01|3|333|C Shell|Transact-SQL|Apache License, 2.0 (Apache-2.0)|Lubuntu|10|2022-02-22 19:02:19|mimesis.Development|5000
2523545|Shin Dean|24|slavophile2059@gmail.com|Female|Catalan|Egyptian|Administration Clerk|(908) 422-8269|PantherTipping.1991|2022-02-22 19:02:19|mimesis.Person|1991-01-01 00:00:01|3|225|PL-I|Dylan|Apache License, 2.0 (Apache-2.0)|Slackware|20|2022-02-22 19:02:19|mimesis.Development|3400
2406622|Melda White|20|gothish1957@outlook.com|Fluid|Punjabi|Belgian|Trichologist|(074) 578-6821|giddier-1998|2022-02-22 19:02:19|mimesis.Person|1991-01-01 00:00:01|2|961|Delphi|Falcon|Apache License, 2.0 (Apache-2.0)|Debian|17|2022-02-22 19:02:19|mimesis.Development|700
1936834|Phil Blankenship|45|admissible2024@live.com|Male|Pashto|French|Student|1-863-584-4286|AucanSatsumas_1920|2022-02-22 19:02:19|mimesis.Person|1991-01-01 00:00:01|4|981|Perl|Python|Apache License, 2.0 (Apache-2.0)|Lubuntu|1|2022-02-22 19:02:19|mimesis.Development|1700
1940702|Malcom Buckley|58|collisions1956@protonmail.com|Male|Papiamento|Latvian|Acoustic Engineer|(173) 394-2020|Bugler2066|2022-02-22 19:02:19|mimesis.Person|1991-01-01 00:00:01|4|376|Mathematica|C++|Apache License, 2.0 (Apache-2.0)|elementaryOS|21|2022-02-22 19:02:19|mimesis.Development|3000
1978426|Davis Orr|62|snake2031@live.com|Male|Tswana|Romanian|Ticket Inspector|140-349-5181|Unilamellar-1946|2022-02-22 19:02:19|mimesis.Person|1991-01-01 00:00:01|1|463|Smalltalk|Go|Apache License, 2.0 (Apache-2.0)|Ubuntu|22|2022-02-22 19:02:19|mimesis.Development|600
1911122|Frederica Crawford|23|dhava1811@yandex.com|Female|German|Russian|Importer|(694) 331-4752|CamusedComfit_1985|2022-02-22 19:02:19|mimesis.Person|1991-01-01 00:00:01|3|660|Delphi|Go|Apache License, 2.0 (Apache-2.0)|PCLinuxOS|12|2022-02-22 19:02:19|mimesis.Development|4000
1845529|Latoyia O'brien|47|bouzouki2026@yandex.com|Female|Somali|Chinese|Brewery Manager|965.627.7919|ExplainsCation_1913|2022-02-22 19:02:19|mimesis.Person|1991-01-01 00:00:01|1|593|Common Lisp|D|Apache License, 2.0 (Apache-2.0)|Windows 10|10|2022-02-22 19:02:19|mimesis.Development|2200
1872447|Lonny Kemp|42|timbersome1829@yandex.com|Male|Polish|Portuguese|Yacht Master|+1-(135)-647-9633|aborter1968|2022-02-22 19:02:19|mimesis.Person|1991-01-01 00:00:01|1|203|D|Tcl|Apache License, 2.0 (Apache-2.0)|Windows 7|22|2022-02-22 19:02:19|mimesis.Development|4100
1883449|Lawerence Nichols|22|slavonian1972@protonmail.com|Female|Papiamento|Cambodian|Auction Worker|243-858-8642|DispatchingCorders-1836|2022-02-22 19:02:19|mimesis.Person|1991-01-01 00:00:01|1|590|Lisp|Dart|Apache License, 2.0 (Apache-2.0)|Mint|4|2022-02-22 19:02:19|mimesis.Development|3200
2108124|Annika Sims|19|deutomalar1978@live.com|Female|Tok Pisin|Uruguayan|Bill Poster|809-184-0032|pretranscription-2056|2022-02-22 19:02:19|mimesis.Person|1991-01-01 00:00:01|3|797|Tcl|Common Lisp|Apache License, 2.0 (Apache-2.0)|Lubuntu|16|2022-02-22 19:02:19|mimesis.Development|4900
2150083|Frank Day|35|bridal1925@live.com|Female|Albanian|Irish|Auction Worker|683.315.2815|macaw.1997|2022-02-22 19:02:19|mimesis.Person|1991-01-01 00:00:01|4|516|Ruby|ECMAScript|Apache License, 2.0 (Apache-2.0)|Gentoo|9|2022-02-22 19:02:19|mimesis.Development|1600
2079635|Horacio Colon|29|spleetnew1912@gmail.com|Fluid|Māori|Italian|Gas Mechanic|(182) 062-9309|ImbuedDziemian_1800|2022-02-22 19:02:19|mimesis.Person|1991-01-01 00:00:01|3|736|Mathematica|Delphi|Apache License, 2.0 (Apache-2.0)|Manjaro|19|2022-02-22 19:02:19|mimesis.Development|400
2050550|Billie Wilkerson|58|compassionless1838@yahoo.com|Other|Lao|Guatemalan|Pawnbroker|(228) 367-6594|SpaciouslyCitronella_2048|2022-02-22 19:02:19|mimesis.Person|1991-01-01 00:00:01|1|322|Emacs Lisp|Caml|Apache License, 2.0 (Apache-2.0)|Windows 10|9|2022-02-22 19:02:19|mimesis.Development|200
2073559|Kathern Ryan|24|occults1996@yandex.com|Fluid|Albanian|Polish|Keep Fit Instructor|1-192-261-1325|carlett.2025|2022-02-22 19:02:19|mimesis.Person|1991-01-01 00:00:01|1|247|Smalltalk|Prolog|Apache License, 2.0 (Apache-2.0)|Gentoo|26|2022-02-22 19:02:19|mimesis.Development|1600
