3039774|Adrian Murphy|63|amperage1907@protonmail.com|Male|Italian|Ecuadorian|Fork Lift Truck Driver|872.222.7780|Binghi_1914|2022-02-28 16:57:36|mimesis.Person|1959|4|326|C++|JavaScript|Apache License, 2.0 (Apache-2.0)|openSUSE|25|2022-02-28 16:57:36|mimesis.Development|2400
3049349|Paz Waters|36|unwhistled1970@yahoo.com|Male|Montenegrin|Greek|Housing Officer|(866) 313-6994|unstoicize.1931|2022-02-28 16:57:36|mimesis.Person|1986|4|575|C#|F#|Apache License, 2.0 (Apache-2.0)|Lubuntu|1|2022-02-28 16:57:36|mimesis.Development|1500
3079489|Aldo Richards|40|dawns2025@protonmail.com|Male|Thai|Estonian|Aircraft Engineer|015.631.4600|TocheredColumbic-2012|2022-02-28 16:57:36|mimesis.Person|1982|4|200|Objective-C|GNU Octave|Apache License, 2.0 (Apache-2.0)|elementaryOS|20|2022-02-28 16:57:36|mimesis.Development|3400
3107540|Ria Cash|26|songwriter1886@protonmail.com|Other|Greek|Guatemalan|Bank Manager|(104) 831-8820|quizzify.1865|2022-02-28 16:57:36|mimesis.Person|1996|1|341|Ceylon|Java|Apache License, 2.0 (Apache-2.0)|OS X|29|2022-02-28 16:57:36|mimesis.Development|2700
3120300|Abel Valentine|34|chegre2057@outlook.com|Male|Tok Pisin|Jordanian|Operative|895-199-9807|Cornflake_1931|2022-02-28 16:57:36|mimesis.Person|1988|2|95|Ceylon|Racket|Apache License, 2.0 (Apache-2.0)|Fedora|16|2022-02-28 16:57:36|mimesis.Development|1400
2933319|Dahlia Glover|56|bellman1896@live.com|Other|Tajik|Dominican|Plastics Consultant|1-892-832-9627|corban-2039|2022-02-28 16:57:36|mimesis.Person|1966|3|145|Fortran|Delphi|Apache License, 2.0 (Apache-2.0)|Gentoo|23|2022-02-28 16:57:36|mimesis.Development|200
2938200|Carroll Conway|34|gaur1982@outlook.com|Male|Assamese|Dutch|Loss Assessor|1-150-588-9619|SatiricallyCriminologist-2047|2022-02-28 16:57:36|mimesis.Person|1988|2|36|haXe|TypeScript|Apache License, 2.0 (Apache-2.0)|macOS|27|2022-02-28 16:57:36|mimesis.Development|3100
2943757|Rufus Shelton|65|countess1977@yahoo.com|Female|Irish Gaelic|Cameroonian|Riding Instructor|237-122-9003|Cordaites-1898|2022-02-28 16:57:36|mimesis.Person|1957|1|745|Tcl|Haskell|Apache License, 2.0 (Apache-2.0)|Lubuntu|17|2022-02-28 16:57:36|mimesis.Development|1000
2954265|Morton Vasquez|51|engrave1943@outlook.com|Male|Persian|Canadian|Fireman|405-244-6943|chrysanthemum1886|2022-02-28 16:57:36|mimesis.Person|1971|1|393|Bash|Io|Apache License, 2.0 (Apache-2.0)|Windows 7|16|2022-02-28 16:57:36|mimesis.Development|2700
2961609|Hosea Wynn|27|facer1856@gmail.com|Other|Hindi|Russian|Nanny|366.799.2492|shipworms_1949|2022-02-28 16:57:36|mimesis.Person|1995|4|965|Falcon|TypeScript|Apache License, 2.0 (Apache-2.0)|Fedora|25|2022-02-28 16:57:36|mimesis.Development|3200
3144349|Ryan Ball|50|strawsmall1897@protonmail.com|Fluid|Kyrgyz|Saudi|Industrial Chemist|(032) 784-3822|Carless-1862|2022-02-28 16:57:36|mimesis.Person|1972|4|714|Lua|C Shell|Apache License, 2.0 (Apache-2.0)|Lubuntu|15|2022-02-28 16:57:36|mimesis.Development|2000
3233028|Marylouise Galloway|30|synascidian2047@protonmail.com|Fluid|Maltese|Puerto Rican|Reprographic Assistant|(976) 309-6865|AbstrusenessWormer.2042|2022-02-28 16:57:36|mimesis.Person|1992|4|756|Ruby|Emacs Lisp|Apache License, 2.0 (Apache-2.0)|Fedora|6|2022-02-28 16:57:36|mimesis.Development|3000
3317846|Olimpia Tran|17|disembodied2009@yahoo.com|Male|Portuguese|Argentinian|Marketing Coordinator|(565) 827-5371|Creaks_2037|2022-02-28 16:57:36|mimesis.Person|2005|3|34|C#|PHP|Apache License, 2.0 (Apache-2.0)|OpenBSD|20|2022-02-28 16:57:36|mimesis.Development|4600
3217472|Nathaniel Jensen|54|pleurotoma1825@yahoo.com|Fluid|Māori|Venezuelan|Motor Trader|+1-(771)-520-6563|jetteau_1850|2022-02-28 16:57:36|mimesis.Person|1968|4|247|Clojure|GNU Octave|Apache License, 2.0 (Apache-2.0)|Windows 10|28|2022-02-28 16:57:36|mimesis.Development|4200
3169142|Rima Poole|36|antivirus1911@protonmail.com|Female|Assamese|Puerto Rican|Rug Maker|383.336.7002|moralistic.2023|2022-02-28 16:57:36|mimesis.Person|1986|1|294|J#|Rust|Apache License, 2.0 (Apache-2.0)|Fedora|12|2022-02-28 16:57:36|mimesis.Development|1700
3206541|Lanny Holloway|20|chimu1842@yandex.com|Female|Lao|Greek|Pilot|300-690-3070|Myrmecoid_1969|2022-02-28 16:57:36|mimesis.Person|2002|4|843|Z shell|AutoIt|Apache License, 2.0 (Apache-2.0)|Windows 7|30|2022-02-28 16:57:36|mimesis.Development|1300
3211666|Edgar Wall|50|discriminant1878@live.com|Other|West Frisian|Romanian|Glass Worker|1-118-183-9886|starvation.1941|2022-02-28 16:57:36|mimesis.Person|1972|4|828|JavaScript|PowerShell|Apache License, 2.0 (Apache-2.0)|Windows 8|12|2022-02-28 16:57:36|mimesis.Development|200
2643367|Tarah Conrad|34|poesy1992@yandex.com|Other|Oriya|Belgian|Advertising Contractor|425.351.3326|CroquetteHeteroploidy.1886|2022-02-28 16:57:36|mimesis.Person|1988|2|169|J#|Lua|Apache License, 2.0 (Apache-2.0)|elementaryOS|13|2022-02-28 16:57:36|mimesis.Development|1200
2702963|Rickie Johnson|41|serratospinose1894@yandex.com|Female|Icelandic|Canadian|Pastry Chef|(317) 556-1331|Aywie1990|2022-02-28 16:57:36|mimesis.Person|1981|3|812|Falcon|Dylan|Apache License, 2.0 (Apache-2.0)|Zorin|9|2022-02-28 16:57:36|mimesis.Development|2000
2709851|Renda Ortiz|42|robbery1928@yandex.com|Male|French|Chinese|Bar Manager|1-788-666-5734|PigBiochemical.1902|2022-02-28 16:57:36|mimesis.Person|1980|4|955|Common Lisp|haXe|Apache License, 2.0 (Apache-2.0)|OS X|4|2022-02-28 16:57:36|mimesis.Development|200
2527058|Tyrone Herrera|38|unstaffed1835@protonmail.com|Male|Danish|Swedish|Tax Inspector|1-332-597-6545|Clandestine.1858|2022-02-28 16:57:36|mimesis.Person|1984|3|192|JavaScript|Lisp|Apache License, 2.0 (Apache-2.0)|Manjaro|20|2022-02-28 16:57:36|mimesis.Development|3900
2538929|Glennis Delaney|48|debatement1915@gmail.com|Other|Tamil|French|Telecommunications|1-256-484-2210|poetess.1800|2022-02-28 16:57:36|mimesis.Person|1974|3|438|Objective-C|Ceylon|Apache License, 2.0 (Apache-2.0)|Windows 8|20|2022-02-28 16:57:36|mimesis.Development|3100
2544928|Marshall Odom|53|christoffel1904@protonmail.com|Female|Finnish|Venezuelan|Labelling Operator|1-222-807-5450|colourblind.1904|2022-02-28 16:57:36|mimesis.Person|1969|3|161|JavaScript|Caml|Apache License, 2.0 (Apache-2.0)|Windows 8|22|2022-02-28 16:57:36|mimesis.Development|2700
2570090|Arthur Hopkins|26|palaeoalchemical2058@gmail.com|Fluid|Latvian|Danish|Florist|167.560.2026|ExtravagateGasped-2022|2022-02-28 16:57:36|mimesis.Person|1996|3|639|Python|Ruby|Apache License, 2.0 (Apache-2.0)|elementaryOS|3|2022-02-28 16:57:36|mimesis.Development|1000
2732110|Benedict Meyers|30|tailcoat2013@yandex.com|Female|Hungarian|Estonian|Illustrator|(021) 716-1708|DanielakAllowance.1850|2022-02-28 16:57:36|mimesis.Person|1992|4|46|AutoIt|Go|Apache License, 2.0 (Apache-2.0)|Lubuntu|28|2022-02-28 16:57:36|mimesis.Development|4700
2834237|Willie Massey|38|architectural1977@gmail.com|Fluid|Kazakh|Cuban|Restorer|1-952-434-6485|Falconry-2008|2022-02-28 16:57:36|mimesis.Person|1984|1|479|C Shell|R|Apache License, 2.0 (Apache-2.0)|Mint|24|2022-02-28 16:57:36|mimesis.Development|4800
2858773|Josiah Lowery|54|syed1832@gmail.com|Fluid|Yiddish|Iranian|Production Hand|1-641-706-2944|EnlivenmentDreyfus_1865|2022-02-28 16:57:36|mimesis.Person|1968|2|384|Scala|Haskell|Apache License, 2.0 (Apache-2.0)|OS X|3|2022-02-28 16:57:36|mimesis.Development|3100
2863321|Marica Davenport|25|polyodontia2026@yandex.com|Other|Danish|Italian|Watchmaker|841.885.2088|elephantseal1919|2022-02-28 16:57:36|mimesis.Person|1997|3|588|GNU Octave|Racket|Apache License, 2.0 (Apache-2.0)|OS X|9|2022-02-28 16:57:36|mimesis.Development|2100
2809701|Eldon Delgado|46|phaenogamous1842@outlook.com|Female|Moldovan|English|Geophysicist|(026) 114-2101|disappear-2065|2022-02-28 16:57:36|mimesis.Person|1976|3|99|Lua|Delphi|Apache License, 2.0 (Apache-2.0)|Windows 10|12|2022-02-28 16:57:36|mimesis.Development|4600
7369176|Robt Garner|28|theropod2063@live.com|Other|Czech|British|Horticultural Consultant|1-943-983-9146|neuter.1958|2022-02-28 16:57:36|mimesis.Person|1994|4|352|JavaScript|TypeScript|Apache License, 2.0 (Apache-2.0)|Gentoo|25|2022-02-28 16:57:36|mimesis.Development|1200
7553226|Dominica Blankenship|24|egret1963@yandex.com|Female|Armenian|Spanish|Roadworker|+1-(958)-582-2201|admedial2067|2022-02-28 16:57:36|mimesis.Person|1998|4|52|ASP|Kotlin|Apache License, 2.0 (Apache-2.0)|Kali|16|2022-02-28 16:57:36|mimesis.Development|1600
6568359|Antonetta Gibbs|43|collaborationists2008@outlook.com|Other|Estonian|Salvadorian|Treasurer|+1-(212)-449-4302|Hysterectomize_1873|2022-02-28 16:57:36|mimesis.Person|1979|4|770|Groovy|C++|Apache License, 2.0 (Apache-2.0)|CentOS|2|2022-02-28 16:57:36|mimesis.Development|500
6588052|Cleopatra Roth|17|baskin1990@protonmail.com|Fluid|West Frisian|Latvian|Grave Digger|075-577-3661|TupeloCoronet_2053|2022-02-28 16:57:36|mimesis.Person|2005|4|925|PowerShell|Erlang|Apache License, 2.0 (Apache-2.0)|macOS|4|2022-02-28 16:57:36|mimesis.Development|800
6605832|Devorah Holden|28|buyable1921@outlook.com|Female|Korean|Ukrainian|Student Nurse|+1-(371)-166-4347|Ambsace_2069|2022-02-28 16:57:36|mimesis.Person|1994|1|185|Clojure|Go|Apache License, 2.0 (Apache-2.0)|Kali|29|2022-02-28 16:57:36|mimesis.Development|2800
9102405|Yessenia Rice|30|naviform1976@yahoo.com|Other|Chinese|Estonian|Gamekeeper|544.737.4583|acree_1826|2022-02-28 16:57:36|mimesis.Person|1992|3|948|Assembly|Dart|Apache License, 2.0 (Apache-2.0)|Manjaro|27|2022-02-28 16:57:36|mimesis.Development|2200
9195420|Davis Franks|20|birretta1872@gmail.com|Fluid|Greek|Brazilian|Interior Designer|028-981-8762|NeuropathicalUnwailing_2021|2022-02-28 16:57:36|mimesis.Person|2002|4|947|OCaml|C Shell|Apache License, 2.0 (Apache-2.0)|Windows 10|10|2022-02-28 16:57:36|mimesis.Development|4000
9356371|Agustin Hewitt|43|aspire1811@gmail.com|Male|Czech|Danish|Security Consultant|+1-(733)-726-0976|TemporooccipitalDarkies-1955|2022-02-28 16:57:36|mimesis.Person|1979|2|111|Smalltalk|F#|Apache License, 2.0 (Apache-2.0)|Fedora|19|2022-02-28 16:57:36|mimesis.Development|4000
9575821|Raguel Albert|36|appetence1844@protonmail.com|Male|Bulgarian|Ecuadorian|Art Critic|974-054-9441|Pleonastic_2028|2022-02-28 16:57:36|mimesis.Person|1986|4|659|Tex|Mathematica|Apache License, 2.0 (Apache-2.0)|Windows 8|26|2022-02-28 16:57:36|mimesis.Development|1800
8859495|Tam Massey|32|confessions1815@live.com|Male|Hindi|Costa Rican|Goldsmith|(890) 139-6182|BurekCarburator_1861|2022-02-28 16:57:36|mimesis.Person|1990|1|267|Java|Tcl|Apache License, 2.0 (Apache-2.0)|openSUSE|7|2022-02-28 16:57:36|mimesis.Development|900
8559623|Demarcus Slater|63|stenophragma1929@outlook.com|Other|Romanian|Venezuelan|Line Manager|208-469-4922|obfuscable.2014|2022-02-28 16:57:36|mimesis.Person|1959|2|617|JavaScript|Julia|Apache License, 2.0 (Apache-2.0)|CentOS|17|2022-02-28 16:57:36|mimesis.Development|900
3686544|Timmy Dennis|21|bidden1978@outlook.com|Female|Azeri|Jordanian|Bakery Operator|(685) 997-4437|NonoccurrenceEthically_1851|2022-02-28 16:57:36|mimesis.Person|2001|2|288|JavaScript|OCaml|Apache License, 2.0 (Apache-2.0)|Zorin|5|2022-02-28 16:57:36|mimesis.Development|1200
3394247|Patrick Reid|66|congregationist1817@protonmail.com|Other|West Frisian|Argentinian|Literary Editor|1-027-367-5140|BonoboUndertenancy.2028|2022-02-28 16:57:36|mimesis.Person|1956|3|968|C#|Ruby|Apache License, 2.0 (Apache-2.0)|Fedora|28|2022-02-28 16:57:36|mimesis.Development|3600
3535547|Heike Merritt|51|cinque2012@outlook.com|Fluid|Tok Pisin|Greek|Mathematician|964.546.7533|convected1933|2022-02-28 16:57:36|mimesis.Person|1971|4|605|Falcon|C Shell|Apache License, 2.0 (Apache-2.0)|OpenBSD|28|2022-02-28 16:57:36|mimesis.Development|2700
4574266|Collin Witt|20|abime1859@live.com|Female|Croatian|Irish|Park Attendant|1-003-981-4818|AntirepublicanBocoy.1990|2022-02-28 16:57:36|mimesis.Person|2002|4|87|Falcon|Z shell|Apache License, 2.0 (Apache-2.0)|Windows 8|25|2022-02-28 16:57:36|mimesis.Development|1400
5390638|Silva Trevino|51|dona2003@outlook.com|Female|Dari|Bolivian|Road Sweeper|1-154-581-9298|Dentine-1990|2022-02-28 16:57:36|mimesis.Person|1971|1|520|Io|Smalltalk|Apache License, 2.0 (Apache-2.0)|PCLinuxOS|25|2022-02-28 16:57:36|mimesis.Development|900
6273817|Austin Weber|28|compress1919@yahoo.com|Female|Finnish|Russian|Motor Dealer|266.519.2244|Baht-1940|2022-02-28 16:57:36|mimesis.Person|1994|3|529|ASP|Ruby|Apache License, 2.0 (Apache-2.0)|Slackware|26|2022-02-28 16:57:36|mimesis.Development|3300
4998621|Elenore Alford|59|contemptible1936@live.com|Female|Gujarati|German|Librarian|939-691-9126|boother-1865|2022-02-28 16:57:36|mimesis.Person|1963|3|397|Scheme|J#|Apache License, 2.0 (Apache-2.0)|Windows 8|25|2022-02-28 16:57:36|mimesis.Development|2600
5000968|Jamel Molina|59|barragon1854@gmail.com|Female|Gagauz|Puerto Rican|Pest Controller|1-082-341-8398|DimensionIntertrigo.1991|2022-02-28 16:57:36|mimesis.Person|1963|4|277|haXe|OCaml|Apache License, 2.0 (Apache-2.0)|FreeBSD|7|2022-02-28 16:57:36|mimesis.Development|4900
5040810|Devin Rodriquez|51|abnormal1827@protonmail.com|Male|Icelandic|Jordanian|Pools Collector|751.637.2551|cradler.2042|2022-02-28 16:57:36|mimesis.Person|1971|1|891|PowerShell|Awk|Apache License, 2.0 (Apache-2.0)|FreeBSD|24|2022-02-28 16:57:36|mimesis.Development|3100
5048138|Esteban Mcconnell|54|cusumano2001@outlook.com|Other|Hindi|Egyptian|Body Fitter|291-201-2603|IsopodaEladio_1859|2022-02-28 16:57:36|mimesis.Person|1968|2|411|Bash|JavaScript|Apache License, 2.0 (Apache-2.0)|FreeBSD|10|2022-02-28 16:57:36|mimesis.Development|200
5119562|Mika Ramos|28|primeval1949@yandex.com|Female|Kurdish|Swedish|Gravel Merchant|(722) 965-9645|anybodies.1908|2022-02-28 16:57:36|mimesis.Person|1994|3|826|Dylan|Python|Apache License, 2.0 (Apache-2.0)|Gentoo|8|2022-02-28 16:57:36|mimesis.Development|1800
1494655|Huong Chapman|25|crane1904@gmail.com|Other|Ndebele|Mexican|Student Nurse|1-487-866-1236|demandative_1953|2022-02-28 16:57:36|mimesis.Person|1997|1|202|Falcon|Tex|Apache License, 2.0 (Apache-2.0)|Windows 8|23|2022-02-28 16:57:36|mimesis.Development|1300
1513851|Kiera Drake|40|bande1852@protonmail.com|Other|Bislama|Chilean|Pipe Layer|(035) 703-3668|rhoding.2006|2022-02-28 16:57:36|mimesis.Person|1982|2|720|C++|F#|Apache License, 2.0 (Apache-2.0)|elementaryOS|2|2022-02-28 16:57:36|mimesis.Development|1700
1516245|Reid Houston|28|nonadjacent1898@protonmail.com|Male|Dzongkha|Jordanian|Health Planner|086.189.4382|kickxia1825|2022-02-28 16:57:36|mimesis.Person|1994|1|755|Kotlin|TypeScript|Apache License, 2.0 (Apache-2.0)|Windows 8.1|1|2022-02-28 16:57:36|mimesis.Development|1200
1597284|Leandro Nichols|43|unicapsular2032@yandex.com|Fluid|Catalan|Chilean|Racehorse Groom|037.849.3222|AltenDayton.2000|2022-02-28 16:57:36|mimesis.Person|1979|4|936|Tex|J#|Apache License, 2.0 (Apache-2.0)|CentOS|19|2022-02-28 16:57:36|mimesis.Development|3000
1413177|Darell Stanley|27|findings1855@outlook.com|Fluid|Russian|Bolivian|Taxi Driver|(319) 548-6477|gingiva1824|2022-02-28 16:57:36|mimesis.Person|1995|1|551|ASP|F#|Apache License, 2.0 (Apache-2.0)|Debian|17|2022-02-28 16:57:36|mimesis.Development|2800
1441916|Zandra Leblanc|58|baptist1923@outlook.com|Female|Catalan|Saudi|Fireman|440.233.5815|Larding-2024|2022-02-28 16:57:36|mimesis.Person|1964|2|80|Haskell|Tex|Apache License, 2.0 (Apache-2.0)|elementaryOS|8|2022-02-28 16:57:36|mimesis.Development|2400
1453092|Leslie Allen|35|abiogenesis2033@gmail.com|Female|Belarusian|Dominican|Project Co-ordinator|1-680-432-1250|eunice1943|2022-02-28 16:57:36|mimesis.Person|1987|1|804|Fortran|C++|Apache License, 2.0 (Apache-2.0)|Slackware|5|2022-02-28 16:57:36|mimesis.Development|1800
1454142|Patricia Hansen|49|intercoms1906@live.com|Male|Māori|Bolivian|Travel Guide Writer|783.465.3695|conserver-1837|2022-02-28 16:57:36|mimesis.Person|1973|1|342|Common Lisp|ECMAScript|Apache License, 2.0 (Apache-2.0)|OpenBSD|3|2022-02-28 16:57:36|mimesis.Development|4500
1459717|Asa Shepard|28|castiron2004@gmail.com|Male|Burmese|Iranian|Ticket Agent|(077) 057-1993|Damil_1892|2022-02-28 16:57:36|mimesis.Person|1994|2|688|ECMAScript|Rust|Apache License, 2.0 (Apache-2.0)|Debian|19|2022-02-28 16:57:36|mimesis.Development|1800
1468692|Lavern Carlson|33|adaw1915@outlook.com|Other|Catalan|English|Roofer|585.831.9781|Paseos.2039|2022-02-28 16:57:36|mimesis.Person|1989|1|552|Prolog|Lua|Apache License, 2.0 (Apache-2.0)|openSUSE|26|2022-02-28 16:57:36|mimesis.Development|4700
1471687|Carl Summers|24|chaperno1889@live.com|Fluid|Māori|Latvian|Graphic Designer|402.163.5278|StowdownBenni_2070|2022-02-28 16:57:36|mimesis.Person|1998|2|499|TypeScript|Z shell|Apache License, 2.0 (Apache-2.0)|Mint|26|2022-02-28 16:57:36|mimesis.Development|2100
1703065|Lance Macdonald|44|antiexpressionistic1906@yahoo.com|Female|Estonian|Romanian|Farmer|+1-(661)-488-9368|Coir-1926|2022-02-28 16:57:36|mimesis.Person|1978|2|379|Racket|F#|Apache License, 2.0 (Apache-2.0)|OS X|1|2022-02-28 16:57:36|mimesis.Development|4000
1777887|Mignon Matthews|55|topos1886@outlook.com|Female|Chinese|Bolivian|Psychotherapist|+1-(427)-168-8206|Pika.2004|2022-02-28 16:57:36|mimesis.Person|1967|1|792|Groovy|Emacs Lisp|Apache License, 2.0 (Apache-2.0)|macOS|24|2022-02-28 16:57:36|mimesis.Development|5000
1787847|Frederica Kerr|27|novela1925@live.com|Female|Tetum|Ukrainian|Circus Worker|+1-(059)-211-5865|chicest_1851|2022-02-28 16:57:36|mimesis.Person|1995|1|331|Fortran|Groovy|Apache License, 2.0 (Apache-2.0)|Lubuntu|11|2022-02-28 16:57:36|mimesis.Development|3900
1618869|Rea Sanchez|34|bepimpling1868@yahoo.com|Fluid|Māori|Australian|Money Broker|257-829-7367|TransactUtriculariaceae.1964|2022-02-28 16:57:36|mimesis.Person|1988|3|92|Caml|Bash|Apache License, 2.0 (Apache-2.0)|macOS|13|2022-02-28 16:57:36|mimesis.Development|800
1628952|Morton Coffey|24|dodie1803@gmail.com|Male|Yiddish|Costa Rican|Landlady|372-023-2244|Bullfrog2015|2022-02-28 16:57:36|mimesis.Person|1998|3|94|Rust|PL-I|Apache License, 2.0 (Apache-2.0)|Manjaro|30|2022-02-28 16:57:36|mimesis.Development|4700
1692884|Stefania Houston|34|skipjack1839@protonmail.com|Female|Japanese|Argentinian|Fraud Investigator|265-721-1899|Morpho.2022|2022-02-28 16:57:36|mimesis.Person|1988|1|472|Bash|Clojure|Apache License, 2.0 (Apache-2.0)|Manjaro|2|2022-02-28 16:57:36|mimesis.Development|2400
1667123|Ambrose Holloway|54|animations1910@yahoo.com|Other|Haitian Creole|Cambodian|Beautician|771.836.3889|BobbyInterleaver_2053|2022-02-28 16:57:36|mimesis.Person|1968|1|158|Falcon|Racket|Apache License, 2.0 (Apache-2.0)|Windows 7|27|2022-02-28 16:57:36|mimesis.Development|700
1675836|Maximo Bond|19|cinderel1814@live.com|Female|Lao|Swedish|Psychiatrist|1-920-051-2544|continuingly-1804|2022-02-28 16:57:36|mimesis.Person|2003|3|9|Awk|Kotlin|Apache License, 2.0 (Apache-2.0)|Slackware|2|2022-02-28 16:57:36|mimesis.Development|4300
1794069|Danial May|29|flighted1983@yandex.com|Other|Tajik|Mexican|Lock Keeper|1-474-544-9483|analgesist_1881|2022-02-28 16:57:36|mimesis.Person|1993|1|746|Lua|C Shell|Apache License, 2.0 (Apache-2.0)|OpenBSD|23|2022-02-28 16:57:36|mimesis.Development|1400
1146162|Kym Booker|30|passalid2066@outlook.com|Fluid|Khmer|Swiss|Publishing Manager|(380) 431-3289|AlbatrossCoyan-2028|2022-02-28 16:57:36|mimesis.Person|1992|2|959|Mathematica|PHP|Apache License, 2.0 (Apache-2.0)|Fedora|8|2022-02-28 16:57:36|mimesis.Development|4000
1138231|Elene Pate|17|launce1900@gmail.com|Male|Romanian|Dominican|Plastics Engineer|260.854.6378|SuffixalUnthumped-1940|2022-02-28 16:57:36|mimesis.Person|2005|1|723|Rust|PL-SQL|Apache License, 2.0 (Apache-2.0)|Gentoo|15|2022-02-28 16:57:36|mimesis.Development|2300
1030636|Stephen Koch|40|aeonian1971@live.com|Other|Northern Sotho|Puerto Rican|Building Foreman|+1-(727)-237-0251|WalrusScythe.1954|2022-02-28 16:57:36|mimesis.Person|1982|3|104|PHP|OCaml|Apache License, 2.0 (Apache-2.0)|Windows 10|2|2022-02-28 16:57:36|mimesis.Development|500
1092793|Jeremiah Gillespie|47|batch1835@gmail.com|Other|Czech|Australian|Clerk|449.035.9930|mediatorial.1884|2022-02-28 16:57:36|mimesis.Person|1975|1|789|ECMAScript|F#|Apache License, 2.0 (Apache-2.0)|Zorin|29|2022-02-28 16:57:36|mimesis.Development|2600
1224382|Manual Sexton|33|supergeneric2043@gmail.com|Female|Albanian|Chinese|Van Driver|(143) 867-9542|Borane2003|2022-02-28 16:57:36|mimesis.Person|1989|3|567|Python|Common Lisp|Apache License, 2.0 (Apache-2.0)|PCLinuxOS|15|2022-02-28 16:57:36|mimesis.Development|2700
1341203|Rosy Franks|20|crataegus1986@outlook.com|Female|Kurdish|Israeli|Saw Miller|1-381-462-3068|Unipartite-1960|2022-02-28 16:57:36|mimesis.Person|2002|2|915|C++|C#|Apache License, 2.0 (Apache-2.0)|openSUSE|10|2022-02-28 16:57:36|mimesis.Development|3200
1357696|Brent Singleton|22|cakiest1917@live.com|Male|Marathi|Italian|Hypnotherapist|217.302.9871|aeschylus.2039|2022-02-28 16:57:36|mimesis.Person|2000|2|42|Rust|Go|Apache License, 2.0 (Apache-2.0)|Windows 8|21|2022-02-28 16:57:36|mimesis.Development|1800
1233507|Evelin Gomez|57|croups1893@outlook.com|Other|Portuguese|Ecuadorian|Probation Officer|1-507-268-1660|Viny2018|2022-02-28 16:57:36|mimesis.Person|1965|1|967|OCaml|Emacs Lisp|Apache License, 2.0 (Apache-2.0)|PCLinuxOS|2|2022-02-28 16:57:36|mimesis.Development|3100
1292754|Fidela Ortega|16|renograms2066@yahoo.com|Other|Portuguese|Cuban|Materials Manager|044.463.5634|ElfredaBoredoms_2048|2022-02-28 16:57:36|mimesis.Person|2006|3|64|Java|AutoIt|Apache License, 2.0 (Apache-2.0)|Mint|7|2022-02-28 16:57:36|mimesis.Development|5000
1327688|Mitch Ellis|35|installation1866@gmail.com|Female|Burmese|Egyptian|Marble Finisher|673.734.3678|emblem1907|2022-02-28 16:57:36|mimesis.Person|1987|2|356|Ruby|ASP|Apache License, 2.0 (Apache-2.0)|PCLinuxOS|22|2022-02-28 16:57:36|mimesis.Development|3900
1807177|Columbus Doyle|63|jostler2068@gmail.com|Female|Bulgarian|Saudi|Saw Miller|1-368-637-2589|ArdithDidie_2052|2022-02-28 16:57:36|mimesis.Person|1959|4|841|Python|AutoIt|Apache License, 2.0 (Apache-2.0)|Arch|19|2022-02-28 16:57:36|mimesis.Development|4700
1814781|Lacresha Castro|42|peaceable1964@yandex.com|Male|Maltese|Japanese|Labourer|547.750.4736|administrate-1876|2022-02-28 16:57:36|mimesis.Person|1980|1|186|ASP|Rust|Apache License, 2.0 (Apache-2.0)|Windows 10|28|2022-02-28 16:57:36|mimesis.Development|2000
2261613|Whitney Williams|43|spieler1802@live.com|Female|Māori|Iranian|Museum Attendant|(571) 526-7806|bellwood_2045|2022-02-28 16:57:36|mimesis.Person|1979|4|861|Tex|Transact-SQL|Apache License, 2.0 (Apache-2.0)|PCLinuxOS|8|2022-02-28 16:57:36|mimesis.Development|1500
2289362|Sherley King|35|uncovenant1956@yahoo.com|Other|Yiddish|Israeli|Househusband|(143) 049-2600|Nuzzles.1902|2022-02-28 16:57:36|mimesis.Person|1987|1|980|Rust|Common Lisp|Apache License, 2.0 (Apache-2.0)|openSUSE|4|2022-02-28 16:57:36|mimesis.Development|4300
2149332|Adriene Ray|60|unpresuming1879@protonmail.com|Other|Guaraní|Cameroonian|Property Buyer|247.021.4120|flamingos.1816|2022-02-28 16:57:36|mimesis.Person|1962|4|541|R|Julia|Apache License, 2.0 (Apache-2.0)|Windows 8|15|2022-02-28 16:57:36|mimesis.Development|4300
2171937|Jonathon Hahn|35|blacklegging1974@gmail.com|Female|Māori|Brazilian|Auxiliary Nurse|1-964-908-7525|AllergyNonincriminating.1878|2022-02-28 16:57:36|mimesis.Person|1987|1|661|F#|Clojure|Apache License, 2.0 (Apache-2.0)|elementaryOS|29|2022-02-28 16:57:36|mimesis.Development|3200
2217600|Mac Nolan|16|unlimned1890@protonmail.com|Male|Korean|Romanian|Gamekeeper|1-227-614-6629|Pancreatitis_1824|2022-02-28 16:57:36|mimesis.Person|2006|4|486|Ruby|AutoIt|Apache License, 2.0 (Apache-2.0)|Windows 10|30|2022-02-28 16:57:36|mimesis.Development|400
2462353|Afton Howard|57|microlitic1872@yahoo.com|Fluid|Telugu|Irish|Translator|1-350-924-7201|bask.2019|2022-02-28 16:57:36|mimesis.Person|1965|2|315|Rust|Caml|Apache License, 2.0 (Apache-2.0)|CentOS|25|2022-02-28 16:57:36|mimesis.Development|1400
2471929|Ned Hunter|64|pairing1856@yahoo.com|Fluid|Dari|Dutch|Merchant Seaman|814.509.8270|euphonetic_2004|2022-02-28 16:57:36|mimesis.Person|1958|1|602|PowerShell|Scala|Apache License, 2.0 (Apache-2.0)|Fedora|16|2022-02-28 16:57:36|mimesis.Development|2600
2472296|Renay Valenzuela|62|spectators1855@live.com|Other|French|Russian|Sports Commentator|936.346.8239|TransplantarUnimitated_1887|2022-02-28 16:57:36|mimesis.Person|1960|3|190|C#|C Shell|Apache License, 2.0 (Apache-2.0)|Manjaro|4|2022-02-28 16:57:36|mimesis.Development|4600
2418251|Noel Marsh|22|vaucheriaceous1991@outlook.com|Fluid|Khmer|Italian|Plant Manager|+1-(557)-166-7980|CatameniaAnimated_1813|2022-02-28 16:57:36|mimesis.Person|2000|4|319|Ruby|PowerShell|Apache License, 2.0 (Apache-2.0)|Manjaro|7|2022-02-28 16:57:36|mimesis.Development|3100
2413601|Dorethea Pitts|27|uranite1874@live.com|Female|Papiamento|Danish|Metallurgist|1-114-855-5632|originally.1984|2022-02-28 16:57:36|mimesis.Person|1995|1|13|R|Perl|Apache License, 2.0 (Apache-2.0)|Windows 8.1|8|2022-02-28 16:57:36|mimesis.Development|200
2409553|Anja Hutchinson|55|abridged1865@yandex.com|Fluid|Marathi|Ethiopian|Hod Carrier|1-967-454-2764|Christea_1837|2022-02-28 16:57:36|mimesis.Person|1967|1|105|Kotlin|Erlang|Apache License, 2.0 (Apache-2.0)|Arch|18|2022-02-28 16:57:36|mimesis.Development|3500
1953418|Ardelia Holloway|42|detour1902@yahoo.com|Male|Dzongkha|Russian|Student|1-742-460-3551|SulphiticDolomites-1885|2022-02-28 16:57:36|mimesis.Person|1980|2|635|Groovy|R|Apache License, 2.0 (Apache-2.0)|Fedora|5|2022-02-28 16:57:36|mimesis.Development|2800
1961834|Son Petty|33|nondeafened1827@live.com|Other|Māori|Uruguayan|Quantity Surveyor|(048) 772-2813|Primordality_1901|2022-02-28 16:57:36|mimesis.Person|1989|1|928|ASP|Rust|Apache License, 2.0 (Apache-2.0)|Fedora|22|2022-02-28 16:57:36|mimesis.Development|2500
1825387|Myrtie Barber|58|owl1830@gmail.com|Female|Thai|Ethiopian|Lampshade Maker|993-365-3346|Danceable.2043|2022-02-28 16:57:36|mimesis.Person|1964|1|1|ASP|Scheme|Apache License, 2.0 (Apache-2.0)|macOS|3|2022-02-28 16:57:36|mimesis.Development|3800
1826333|Elliott Potts|28|cosine2044@gmail.com|Other|Japanese|Dutch|Lifeguard|1-454-811-2696|Orthodox.1964|2022-02-28 16:57:36|mimesis.Person|1994|1|483|Assembly|Ceylon|Apache License, 2.0 (Apache-2.0)|Gentoo|30|2022-02-28 16:57:36|mimesis.Development|2600
1851380|Arnoldo Ayers|66|moguls1965@gmail.com|Female|Ndebele|Israeli|Botanist|821.803.3370|apotropaion2034|2022-02-28 16:57:36|mimesis.Person|1956|3|638|Dylan|Fortran|Apache License, 2.0 (Apache-2.0)|OpenBSD|4|2022-02-28 16:57:36|mimesis.Development|4200
1864660|Fredia Winters|53|acclimatise1940@protonmail.com|Male|Lithuanian|Chinese|Mathematician|+1-(700)-651-1350|NavaidsHabanera_2003|2022-02-28 16:57:36|mimesis.Person|1969|3|939|Mathematica|haXe|Apache License, 2.0 (Apache-2.0)|macOS|14|2022-02-28 16:57:36|mimesis.Development|4700
1854619|Dudley Frazier|65|verbenaceae1813@yandex.com|Female|Malayalam|Italian|Building Advisor|1-338-482-5940|BechernPublicness-2003|2022-02-28 16:57:36|mimesis.Person|1957|4|149|PHP|Emacs Lisp|Apache License, 2.0 (Apache-2.0)|OpenBSD|23|2022-02-28 16:57:36|mimesis.Development|800
2517714|Sherley O'donnell|22|solatia1831@yahoo.com|Fluid|Guaraní|Australian|Stable Hand|214-606-5333|BromesCanescent_1891|2022-02-28 16:57:36|mimesis.Person|2000|3|907|Bash|Awk|Apache License, 2.0 (Apache-2.0)|elementaryOS|19|2022-02-28 16:57:36|mimesis.Development|1100
2088003|Idell Booth|23|chanteuse1965@gmail.com|Male|Zulu|English|Shot Blaster|1-552-876-0184|ChristlCoffeehouse.1816|2022-02-28 16:57:36|mimesis.Person|1999|3|389|Perl|F#|Apache License, 2.0 (Apache-2.0)|Windows 8|18|2022-02-28 16:57:36|mimesis.Development|2500
2005135|Nana Walters|26|dunder1899@gmail.com|Other|Chinese|Egyptian|Refractory Engineer|1-087-302-8206|amontillado2043|2022-02-28 16:57:36|mimesis.Person|1996|3|423|OCaml|PL-I|Apache License, 2.0 (Apache-2.0)|Kali|9|2022-02-28 16:57:36|mimesis.Development|4300
2017118|Florrie Yang|61|boohoo1823@outlook.com|Other|Yiddish|Costa Rican|Delivery Driver|(549) 965-2506|arrhythmia1873|2022-02-28 16:57:36|mimesis.Person|1961|2|137|Kotlin|Prolog|Apache License, 2.0 (Apache-2.0)|Arch|3|2022-02-28 16:57:36|mimesis.Development|1200
